<?xml version="1.0" encoding="UTF-8"?>
<!DOCTYPE hibernate-configuration PUBLIC  
          "-//Hibernate/Hibernate Configuration DTD 5.3//EN"  
          "http://hibernate.sourceforge.net/hibernate-configuration-5.3.dtd">  
<hibernate-configuration>
	<session-factory>
		<property name="hibernate.hbm2ddl.auto">update</property>
		<property name="dialect">org.hibernate.dialect.MySQLDialect</property>
		<property name="connection.url">jdbc:mysql://localhost/yash_db</property>
		<property name="connection.driver.class">com.mysql.cj.jdbc.driver</property>
		<property name="connection.username">root</property>
		<property name="connection.password">root</property>
		<property name="show_sql">false</property>
		<property name="format_sql">false</property>
		<mapping class="com.car.CarInventory.Car"/> 
	</session-factory>
</hibernate-configuration>