<?xml version='1.0' encoding='UTF-8'?>
<!DOCTYPE hibernate-mapping PUBLIC
     "-//Hibernate/Hibernate Mapping DTD 3.0//EN"
       "http://www.hibernate.org/dtd/hibernate-mapping-3.0.dtd">
<hibernate-mapping>
	<class name="com.yash.Employee" table="Employee">
		<id name="empid">
			<generator class="increment"></generator>
		</id>

		<property name="firstName"></property>
		<property name="lastName"></property>
		<property name="age"></property>
		<property name="email"></property>

	</class>

</hibernate-mapping>  